-- ============================================
-- PrintMacha - Seed Data
-- Run after schema.sql in Supabase SQL Editor
-- ============================================

-- Categories
INSERT INTO categories (id, name, slug, description, image_url, sort_order, is_active) VALUES
  ('c1000000-0000-0000-0000-000000000001', 'Posters', 'posters', 'Premium quality art posters that transform your walls into gallery-worthy spaces.', '/images/categories/posters.jpg', 1, true),
  ('c1000000-0000-0000-0000-000000000002', '3D Textured Posters', '3d-textured-posters', 'Stunning 3D textured wall art with depth and dimension you can feel.', '/images/categories/3d-textured.jpg', 2, true),
  ('c1000000-0000-0000-0000-000000000003', 'F1 Collection', 'f1-collection', 'Formula 1 inspired 3D printed art and collectibles for motorsport enthusiasts.', '/images/categories/f1-collection.jpg', 3, true),
  ('c1000000-0000-0000-0000-000000000004', 'Desk Accessories', 'desk-accessories', 'Thoughtfully designed 3D printed accessories that elevate your workspace.', '/images/categories/desk-accessories.jpg', 4, true);

-- Products: Posters
INSERT INTO products (id, title, slug, short_description, long_description, category_id, tags, sku, base_price, sale_price, compare_at_price, stock_quantity, stock_status, featured_image, is_featured, is_new_arrival, is_best_seller, is_published, material, size, color, finish, delivery_estimate, return_eligible) VALUES
  ('a0100000-0000-0000-0000-000000000001', 'Midnight Bloom Abstract', 'midnight-bloom-abstract', 'A captivating abstract poster featuring dark florals against a moody backdrop.', 'This premium art poster brings the mystery of midnight gardens into your space. Printed on 300gsm museum-quality art paper with archival inks, this piece features a rich palette of deep purples, blacks, and subtle gold accents. Each poster undergoes strict quality checks to ensure color accuracy and print clarity. Perfect for bedrooms, living rooms, or creative studios. Frame not included.', 'c1000000-0000-0000-0000-000000000001', ARRAY['abstract', 'floral', 'dark', 'premium'], 'PM-POST-001', 599, 449, 599, 25, 'in_stock', '/images/products/midnight-bloom.jpg', true, false, true, true, '300gsm Art Paper', 'A3 (297×420mm)', 'Multi', 'Matte', '5-7 business days', true),

  ('a0100000-0000-0000-0000-000000000002', 'Geometric Sunrise', 'geometric-sunrise', 'Warm geometric patterns that bring energy and light to any room.', 'Inspired by the golden hour, this geometric poster combines warm oranges, yellows, and soft pinks in a modern abstract composition. Printed on premium 300gsm paper with a subtle matte finish that reduces glare while maintaining vibrant colors. Makes a perfect statement piece or pairs beautifully with our other geometric designs. Frame not included.', 'c1000000-0000-0000-0000-000000000001', ARRAY['geometric', 'warm', 'abstract', 'modern'], 'PM-POST-002', 599, NULL, NULL, 30, 'in_stock', '/images/products/geometric-sunrise.jpg', false, true, false, true, '300gsm Art Paper', 'A3 (297×420mm)', 'Multi', 'Matte', '5-7 business days', true),

  ('a0100000-0000-0000-0000-000000000003', 'Urban Skyline Noir', 'urban-skyline-noir', 'Minimalist cityscape with bold black and white contrasts.', 'A sophisticated black and white poster featuring an abstract city skyline. The design uses bold geometric shapes and negative space to create depth and movement. Printed on 300gsm uncoated paper for a tactile, premium feel. Perfect for modern and minimalist interiors that need a statement without color. Frame not included.', 'c1000000-0000-0000-0000-000000000001', ARRAY['minimal', 'urban', 'black-white', 'cityscape'], 'PM-POST-003', 499, NULL, NULL, 20, 'in_stock', '/images/products/urban-skyline.jpg', false, false, true, true, '300gsm Art Paper', 'A3 (297×420mm)', 'Black/White', 'Matte', '5-7 business days', true),

  ('a0100000-0000-0000-0000-000000000004', 'Botanical Line Art Set', 'botanical-line-art-set', 'Elegant set of 3 botanical line art posters in olive and cream tones.', 'A curated set of three botanical line art prints that celebrate the beauty of nature through minimalist illustration. Each poster features a different plant species drawn in fine olive-green lines on a warm cream background. Printed on 250gsm premium paper. These prints work beautifully together or as individual pieces throughout your home. Frames not included.', 'c1000000-0000-0000-0000-000000000001', ARRAY['botanical', 'line-art', 'set', 'minimal', 'nature'], 'PM-POST-004', 1299, 999, 1299, 15, 'in_stock', '/images/products/botanical-set.jpg', true, true, false, true, '250gsm Premium Paper', '3× A4 (210×297mm)', 'Olive/Cream', 'Matte', '5-7 business days', true);

-- Products: 3D Textured Posters
INSERT INTO products (id, title, slug, short_description, long_description, category_id, tags, sku, base_price, sale_price, compare_at_price, stock_quantity, stock_status, featured_image, is_featured, is_new_arrival, is_best_seller, is_published, material, size, color, finish, delivery_estimate, return_eligible) VALUES
  ('a0100000-0000-0000-0000-000000000005', 'Wave Form Texture Panel', 'wave-form-texture-panel', 'Mesmerizing 3D printed wave pattern that creates stunning shadow play.', 'Our signature Wave Form panel brings walls to life with its undulating 3D texture. Created using precision 3D printing technology, the panel features organic wave patterns that catch light differently throughout the day, creating beautiful shadow play. Made from biodegradable PLA material in a warm white finish. Ready to hang with included mounting hardware. Each piece is unique due to the artisan printing process.', 'c1000000-0000-0000-0000-000000000002', ARRAY['3d-texture', 'wave', 'wall-art', 'premium', 'handmade'], 'PM-3DT-001', 2499, 1999, 2499, 10, 'in_stock', '/images/products/wave-texture.jpg', true, false, true, true, 'PLA Biodegradable', '12×16 inches', 'Warm White', 'Matte 3D Textured', '7-10 business days', true),

  ('a0100000-0000-0000-0000-000000000006', 'Mountain Ridge Relief', 'mountain-ridge-relief', '3D topographic mountain art with real dimensional depth.', 'Experience the majesty of mountain ranges in three dimensions. This relief panel recreates the layered ridges of mountain terrain using advanced 3D printing. The multi-layer design creates genuine depth that changes appearance with different lighting angles. Available in natural white and charcoal finishes. Includes premium mounting kit for easy wall installation. A perfect gift for nature lovers and outdoor enthusiasts.', 'c1000000-0000-0000-0000-000000000002', ARRAY['3d-texture', 'mountain', 'topographic', 'nature', 'gift'], 'PM-3DT-002', 2999, NULL, NULL, 8, 'in_stock', '/images/products/mountain-relief.jpg', false, true, true, true, 'PLA Biodegradable', '14×18 inches', 'Natural White', 'Matte 3D Textured', '7-10 business days', true),

  ('a0100000-0000-0000-0000-000000000007', 'Hex Grid Texture Panel', 'hex-grid-texture-panel', 'Modern hexagonal 3D texture panel for contemporary spaces.', 'A contemporary take on geometric wall art, this hex grid panel features raised hexagonal patterns at varying heights, creating a honeycomb-like texture with depth. The precision 3D printing process ensures clean edges and consistent patterns. The panel comes in a premium black finish that adds sophistication to any modern interior. Includes mounting hardware.', 'c1000000-0000-0000-0000-000000000002', ARRAY['3d-texture', 'geometric', 'hexagon', 'modern', 'black'], 'PM-3DT-003', 1999, NULL, NULL, 12, 'in_stock', '/images/products/hex-grid.jpg', false, true, false, true, 'PLA Biodegradable', '12×12 inches', 'Charcoal Black', 'Matte 3D Textured', '7-10 business days', true);

-- Products: F1 Collection
INSERT INTO products (id, title, slug, short_description, long_description, category_id, tags, sku, base_price, sale_price, compare_at_price, stock_quantity, stock_status, featured_image, is_featured, is_new_arrival, is_best_seller, is_published, material, size, color, finish, delivery_estimate, return_eligible) VALUES
  ('a0100000-0000-0000-0000-000000000008', 'F1 Circuit Layout - Monaco', 'f1-circuit-monaco', '3D printed Monaco GP circuit layout wall art - a must for F1 fans.', 'Celebrate the most glamorous race on the F1 calendar with this precision 3D printed circuit layout of the Circuit de Monaco. Every corner and chicane is faithfully reproduced in raised relief, with sector colors and DRS zones subtly marked. The piece includes a small info panel with circuit statistics. Made from premium PLA in team-inspired color combinations. A perfect centerpiece for any motorsport enthusiasts room. Mounting hardware included.', 'c1000000-0000-0000-0000-000000000003', ARRAY['f1', 'formula-1', 'monaco', 'circuit', 'racing', 'motorsport'], 'PM-F1-001', 3499, 2899, 3499, 8, 'in_stock', '/images/products/f1-monaco.jpg', true, false, true, true, 'PLA Premium', '18×14 inches', 'Red/White', 'Satin 3D Printed', '7-10 business days', true),

  ('a0100000-0000-0000-0000-000000000009', 'F1 Circuit Layout - Spa', 'f1-circuit-spa', '3D printed Spa-Francorchamps circuit art - legendary corners in detail.', 'The legendary Spa-Francorchamps circuit rendered in stunning 3D relief. Features the iconic Eau Rouge, Raidillon, and the long Kemmel Straight in precision detail. Each sector is color-coded and the elevation changes of this famous circuit are represented in the depth of the print. Perfect alongside our Monaco piece for a circuit wall gallery. Mounting hardware included.', 'c1000000-0000-0000-0000-000000000003', ARRAY['f1', 'formula-1', 'spa', 'belgium', 'circuit', 'racing'], 'PM-F1-002', 3499, NULL, NULL, 6, 'in_stock', '/images/products/f1-spa.jpg', false, true, false, true, 'PLA Premium', '20×14 inches', 'Green/White', 'Satin 3D Printed', '7-10 business days', true),

  ('a0100000-0000-0000-0000-000000000010', 'F1 Car Silhouette Stand', 'f1-car-silhouette-stand', 'Sleek F1 car silhouette desk piece - a miniature icon for your desk.', 'A beautifully crafted F1 car silhouette desk piece that captures the aerodynamic essence of modern Formula 1 cars. 3D printed with fine detail, the silhouette features wheel profile, wing detail, and halo outline. The integrated stand allows display on any flat surface. Available in multiple team-inspired color options. Makes an excellent gift for any F1 fan.', 'c1000000-0000-0000-0000-000000000003', ARRAY['f1', 'formula-1', 'car', 'desk', 'gift', 'silhouette'], 'PM-F1-003', 899, 699, 899, 20, 'in_stock', '/images/products/f1-car-stand.jpg', false, false, true, true, 'PLA Premium', '8×3 inches', 'Black', 'Satin 3D Printed', '5-7 business days', true);

-- Products: Desk Accessories
INSERT INTO products (id, title, slug, short_description, long_description, category_id, tags, sku, base_price, sale_price, compare_at_price, stock_quantity, stock_status, featured_image, is_featured, is_new_arrival, is_best_seller, is_published, material, size, color, finish, delivery_estimate, return_eligible) VALUES
  ('a0100000-0000-0000-0000-000000000011', 'Geodesic Pen Holder', 'geodesic-pen-holder', 'Striking geodesic design pen holder that turns organization into art.', 'Transform your desk with this architecturally inspired geodesic pen holder. The intricate triangulated surface creates a stunning visual pattern while providing sturdy support for pens, pencils, markers, and brushes. 3D printed from biodegradable PLA with a smooth matte finish. Available in multiple colors to match your workspace aesthetic. Fits 15-20 standard pens comfortably.', 'c1000000-0000-0000-0000-000000000004', ARRAY['desk', 'pen-holder', 'geometric', 'organizer', 'office'], 'PM-DESK-001', 699, 549, 699, 30, 'in_stock', '/images/products/geodesic-pen.jpg', true, true, true, true, 'PLA Biodegradable', '4×4×4 inches', 'Terracotta Orange', 'Matte', '5-7 business days', true),

  ('a0100000-0000-0000-0000-000000000012', 'Minimal Cable Organizer', 'minimal-cable-organizer', 'Clean, minimal cable management solution for a tidy workspace.', 'Say goodbye to tangled cables with this elegantly designed cable organizer. Features multiple channels for different cable sizes, a weighted base for stability, and a clean minimal aesthetic that blends with any desk setup. The soft-grip interior channels protect your cables while keeping them neatly routed. 3D printed with precision for a flawless finish.', 'c1000000-0000-0000-0000-000000000004', ARRAY['desk', 'cable', 'organizer', 'minimal', 'office'], 'PM-DESK-002', 499, NULL, NULL, 40, 'in_stock', '/images/products/cable-organizer.jpg', false, true, false, true, 'PLA Biodegradable', '6×2×2 inches', 'Charcoal', 'Matte', '5-7 business days', true),

  ('a0100000-0000-0000-0000-000000000013', 'Succulent Planter Trio', 'succulent-planter-trio', 'Set of 3 geometric mini planters for succulents and air plants.', 'A set of three beautifully designed geometric mini planters, each with a unique geometric shape inspired by natural crystal formations. Perfect for small succulents, air plants, or as decorative pieces on their own. Each planter has a drainage hole and comes with a matching saucer. The set includes one each of hexagonal, triangular, and cylindrical designs. 3D printed from PLA with a warm natural finish.', 'c1000000-0000-0000-0000-000000000004', ARRAY['desk', 'planter', 'succulent', 'geometric', 'set', 'gift'], 'PM-DESK-003', 999, 849, 999, 18, 'in_stock', '/images/products/planter-trio.jpg', false, false, false, true, 'PLA Biodegradable', '3×3×3 inches each', 'Sand Beige', 'Matte', '5-7 business days', true),

  ('a0100000-0000-0000-0000-000000000014', 'Laptop Stand - Arc', 'laptop-stand-arc', 'Premium ergonomic laptop stand with a clean arc design.', 'Elevate your work setup with this premium 3D printed laptop stand. The elegant arc design provides optimal viewing angle while allowing airflow underneath your laptop for better cooling. Supports laptops up to 16 inches and holds up to 5kg. The non-slip base and top surface ensure your laptop stays secure. Available in multiple color options. Some assembly required.', 'c1000000-0000-0000-0000-000000000004', ARRAY['desk', 'laptop', 'stand', 'ergonomic', 'premium'], 'PM-DESK-004', 1499, NULL, NULL, 12, 'in_stock', '/images/products/laptop-stand.jpg', true, false, false, true, 'PLA Biodegradable', '10×8×4 inches', 'Warm White', 'Matte', '7-10 business days', true);

-- Product Images (additional gallery images)
INSERT INTO product_images (product_id, url, alt_text, sort_order, is_primary) VALUES
  ('a0100000-0000-0000-0000-000000000001', '/images/products/midnight-bloom.jpg', 'Midnight Bloom Abstract poster front view', 0, true),
  ('a0100000-0000-0000-0000-000000000001', '/images/products/midnight-bloom-2.jpg', 'Midnight Bloom detail close-up', 1, false),
  ('a0100000-0000-0000-0000-000000000005', '/images/products/wave-texture.jpg', 'Wave Form Texture Panel front view', 0, true),
  ('a0100000-0000-0000-0000-000000000005', '/images/products/wave-texture-angle.jpg', 'Wave Form Texture Panel angle view', 1, false),
  ('a0100000-0000-0000-0000-000000000008', '/images/products/f1-monaco.jpg', 'F1 Monaco Circuit front view', 0, true),
  ('a0100000-0000-0000-0000-000000000008', '/images/products/f1-monaco-detail.jpg', 'F1 Monaco Circuit detail view', 1, false),
  ('a0100000-0000-0000-0000-000000000011', '/images/products/geodesic-pen.jpg', 'Geodesic Pen Holder front view', 0, true),
  ('a0100000-0000-0000-0000-000000000011', '/images/products/geodesic-pen-angle.jpg', 'Geodesic Pen Holder side view', 1, false);

-- Product Variants
INSERT INTO product_variants (product_id, variant_type, variant_value, price_delta, stock_quantity, sku_suffix, is_active) VALUES
  -- Midnight Bloom sizes
  ('a0100000-0000-0000-0000-000000000001', 'size', 'A4 (210×297mm)', -100, 20, '-A4', true),
  ('a0100000-0000-0000-0000-000000000001', 'size', 'A3 (297×420mm)', 0, 25, '-A3', true),
  ('a0100000-0000-0000-0000-000000000001', 'size', 'A2 (420×594mm)', 200, 10, '-A2', true),
  -- Wave Form colors
  ('a0100000-0000-0000-0000-000000000005', 'color', 'Warm White', 0, 10, '-WW', true),
  ('a0100000-0000-0000-0000-000000000005', 'color', 'Charcoal Black', 0, 8, '-CB', true),
  ('a0100000-0000-0000-0000-000000000005', 'color', 'Terracotta Orange', 100, 5, '-TO', true),
  -- F1 Monaco team colors
  ('a0100000-0000-0000-0000-000000000008', 'color', 'Red/White (Ferrari)', 0, 8, '-FER', true),
  ('a0100000-0000-0000-0000-000000000008', 'color', 'Orange/Blue (McLaren)', 0, 6, '-MCL', true),
  ('a0100000-0000-0000-0000-000000000008', 'color', 'Silver/Teal (Mercedes)', 0, 5, '-MER', true),
  -- Geodesic Pen Holder colors
  ('a0100000-0000-0000-0000-000000000011', 'color', 'Terracotta Orange', 0, 15, '-TO', true),
  ('a0100000-0000-0000-0000-000000000011', 'color', 'Charcoal Black', 0, 10, '-CB', true),
  ('a0100000-0000-0000-0000-000000000011', 'color', 'Warm White', 0, 10, '-WW', true),
  ('a0100000-0000-0000-0000-000000000011', 'color', 'Sage Green', 50, 5, '-SG', true);

-- Reviews (sample approved reviews)
INSERT INTO reviews (product_id, reviewer_name, rating, title, body, status) VALUES
  ('a0100000-0000-0000-0000-000000000001', 'Ananya S.', 5, 'Absolutely stunning', 'The print quality is exceptional. Colors are even more vibrant in person. My living room looks so much better now!', 'approved'),
  ('a0100000-0000-0000-0000-000000000001', 'Rahul M.', 4, 'Great quality poster', 'Nice thick paper and crisp printing. Only wish it came with a frame option. Still, very happy with my purchase.', 'approved'),
  ('a0100000-0000-0000-0000-000000000005', 'Priya K.', 5, 'Unique and beautiful', 'Nothing like this available anywhere else! The 3D texture is mesmerizing and the shadow play throughout the day is beautiful. Worth every rupee.', 'approved'),
  ('a0100000-0000-0000-0000-000000000005', 'Vikram J.', 5, 'Perfect gift', 'Bought this as a housewarming gift and it was a huge hit. The packaging was excellent too. Will definitely order more.', 'approved'),
  ('a0100000-0000-0000-0000-000000000008', 'Arjun D.', 5, 'F1 fans must have this!', 'As an F1 fan, this is exactly what I wanted for my room. The circuit detail is incredible and the team colors are spot on. Ordered Spa next!', 'approved'),
  ('a0100000-0000-0000-0000-000000000011', 'Sneha R.', 4, 'Love the design', 'The geometric design is eye-catching and holds all my pens and brushes. The orange color is perfect. Slightly smaller than expected but still great.', 'approved'),
  ('a0100000-0000-0000-0000-000000000011', 'Dev P.', 5, 'Desk upgrade complete', 'This pen holder gets compliments every time someone sees my desk. Print quality is flawless. Already ordered the cable organizer.', 'approved'),
  ('a0100000-0000-0000-0000-000000000014', 'Kavita N.', 5, 'Solid and stylish', 'Looks premium, feels solid, works exactly as expected. My MacBook Pro 14 sits perfectly on it. Great airflow too.', 'approved');

-- Coupons
INSERT INTO coupons (code, type, value, min_order_amount, max_discount_amount, usage_limit, valid_from, valid_until, is_active) VALUES
  ('WELCOME10', 'percentage', 10, 500, 200, 500, NOW(), NOW() + INTERVAL '6 months', true),
  ('FLAT100', 'fixed', 100, 999, NULL, 200, NOW(), NOW() + INTERVAL '3 months', true),
  ('LAUNCH20', 'percentage', 20, 1500, 500, 100, NOW(), NOW() + INTERVAL '1 month', true);

-- Homepage Sections
INSERT INTO homepage_sections (type, title, subtitle, content, sort_order, is_active) VALUES
  ('hero', 'Art That Stands Out. Literally.', 'Premium 3D printed wall art, posters & desk accessories — handcrafted with precision for modern Indian spaces.', '{"cta_text": "Shop Collection", "cta_link": "/shop", "secondary_cta_text": "Explore F1 Art", "secondary_cta_link": "/category/f1-collection"}', 1, true),
  ('promo_strip', NULL, NULL, '{"text": "🚀 Launch Offer: Use code LAUNCH20 for 20% off orders above ₹1,500 | Free shipping above ₹999", "link": "/shop"}', 2, true),
  ('featured_categories', 'Shop by Category', 'Find your perfect piece', NULL, 3, true),
  ('best_sellers', 'Best Sellers', 'Loved by our community', NULL, 4, true),
  ('new_arrivals', 'New Arrivals', 'Fresh off the print bed', NULL, 5, true),
  ('value_props', 'Why PrintMacha?', NULL, '{"props": [{"icon": "printer", "title": "Precision Crafted", "description": "Every piece is 3D printed with meticulous attention to detail"}, {"icon": "leaf", "title": "Eco-Friendly Materials", "description": "Made with biodegradable PLA and sustainable practices"}, {"icon": "package", "title": "Secure Packaging", "description": "Each product is carefully packed for safe delivery across India"}, {"icon": "heart", "title": "Made with Love", "description": "Small batch production ensures quality over quantity"}]}', 6, true),
  ('testimonials', 'What Our Customers Say', 'Real reviews from real people', NULL, 7, true),
  ('collections', 'Featured Collections', 'Curated for your space', '{"collections": [{"title": "The F1 Wall", "description": "Complete your motorsport corner", "link": "/category/f1-collection"}, {"title": "Texture Studio", "description": "3D art that transforms spaces", "link": "/category/3d-textured-posters"}, {"title": "Desk Setup Goals", "description": "Elevate your workspace", "link": "/category/desk-accessories"}]}', 8, true);
